-- phpMyAdmin SQL Dump
-- version 3.3.7deb7
-- http://www.phpmyadmin.net
--
-- Хост: localhost
-- Время создания: Мар 17 2014 г., 00:42
-- Версия сервера: 5.1.63
-- Версия PHP: 5.3.3-7+squeeze14

SET SQL_MODE="NO_AUTO_VALUE_ON_ZERO";


/*!40101 SET @OLD_CHARACTER_SET_CLIENT=@@CHARACTER_SET_CLIENT */;
/*!40101 SET @OLD_CHARACTER_SET_RESULTS=@@CHARACTER_SET_RESULTS */;
/*!40101 SET @OLD_COLLATION_CONNECTION=@@COLLATION_CONNECTION */;
/*!40101 SET NAMES utf8 */;

--
-- База данных: `md5_tmake`
--

-- --------------------------------------------------------

--
-- Структура таблицы `ban`
--

CREATE TABLE IF NOT EXISTS `ban` (
  `id` int(11) NOT NULL AUTO_INCREMENT,
  `data_id` int(11) NOT NULL,
  `ip` varchar(150) NOT NULL,
  `date_create` datetime NOT NULL,
  `type` enum('blog','portfolio') NOT NULL,
  PRIMARY KEY (`id`),
  UNIQUE KEY `ip` (`ip`)
) ENGINE=InnoDB  DEFAULT CHARSET=utf8 AUTO_INCREMENT=2 ;

--
-- Дамп данных таблицы `ban`
--


-- --------------------------------------------------------

--
-- Структура таблицы `blog`
--

CREATE TABLE IF NOT EXISTS `blog` (
  `id` int(11) NOT NULL AUTO_INCREMENT,
  `header` varchar(256) NOT NULL,
  `keywords` varchar(256) NOT NULL,
  `description` varchar(400) NOT NULL,
  `alias` varchar(255) NOT NULL,
  `short_description` text NOT NULL,
  `text_description` text NOT NULL,
  `date_create` datetime NOT NULL,
  `preview` varchar(150) NOT NULL,
  `count_view` int(11) NOT NULL,
  `count_like` int(11) NOT NULL,
  `count_dislike` int(11) NOT NULL,
  `count_comment` int(11) NOT NULL,
  `status` enum('public','private') NOT NULL,
  PRIMARY KEY (`id`),
  UNIQUE KEY `alias` (`alias`)
) ENGINE=InnoDB  DEFAULT CHARSET=utf8 AUTO_INCREMENT=14 ;

--
-- Дамп данных таблицы `blog`
--

INSERT INTO `blog` (`id`, `header`, `keywords`, `description`, `alias`, `short_description`, `text_description`, `date_create`, `preview`, `count_view`, `count_like`, `count_dislike`, `count_comment`, `status`) VALUES
(4, 'Установка PHPUnit и Selenium RC для Yii framework', 'PHPUnit, Yii, Framework, установка', 'Установка PHPUnit и Selenium RC для Yii framework', 'yii_phpunit_install', 'Перед тем как приступить к разработке через тестирование (TDD), необходимо было установить все необходимое. Опираясь на статью "Полное руководство по Yii" в разделе "Тестирование", было мельком указанно:', '<p>Перед тем как приступить к разработке через тестирование (<a href="http://ru.wikipedia.org/wiki/%D0%A0%D0%B0%D0%B7%D1%80%D0%B0%D0%B1%D0%BE%D1%82%D0%BA%D0%B0_%D1%87%D0%B5%D1%80%D0%B5%D0%B7_%D1%82%D0%B5%D1%81%D1%82%D0%B8%D1%80%D0%BE%D0%B2%D0%B0%D0%BD%D0%B8%D0%B5">TDD</a>), необходимо было установить все необходимое.&nbsp;Опираясь&nbsp;на статью "<a href="http://yiiframework.ru/doc/guide/ru/index">Полное руководство по Yii</a>" в разделе "<a href="http://yiiframework.ru/doc/guide/ru/test.overview">Тестирование</a>", было мельком указанно:<br><table><tbody><tr><td><b>Цитата</b></td></tr><tr><td>Тестирование в Yii требует установленного PHPUnit 3.5+ и Selenium Remote Control 1.0+. Как устанавливать PHPUnit и Selenium Remote Control вы можете прочитать в их документации.</td></tr></tbody></table><br><br><br>Для установки phpunit пишем:<br><br><pre># apt-get install phpunit</pre><br><br>После чего у меня, при выполнении команды:<br><br><pre># phpunit</pre><br>стал выдавать ошибку:<br><table><tbody><tr><td><b>Цитата</b></td></tr><tr><td>PHP Fatal error: require_once(): Failed opening required ''PHP/CodeCoverage/Filter.php'' (include_path=''.:/usr/share/php:/usr/share/pear'') in /usr/bin/phpunit on line 38</td></tr></tbody></table><br><br>Для ее устранения&nbsp;обновляем&nbsp;PEAR:<br><br><pre># pear upgrade pear</pre><br><br>Добавляем необходимые каналы и заново установим со всеми зависимостями средствами pear:<br><br><pre># pear channel-discover pear.phpunit.de\r\n# pear channel-discover components.ez.no \r\n# pear channel-discover pear.symfony.com \r\n# pear install --alldeps phpunit/PHPUnit</pre><br><br>И теперь заново проверяем работу phpunit:<br><br><pre># phpunit</pre><br>должен вывестись мануал по использованию. Т.е.&nbsp;<b>phpunit</b>&nbsp;установлен корректно.<br><br>Далее нам нужен Selenium RC. Для этого мы переходим на&nbsp;<a href="http://docs.seleniumhq.org/download/">официальный сайт Selenium</a>&nbsp;и скачиваем последнею версию "<b>Selenium RC Server</b>". Будет загружен jar файл.<br><br>Далее нам необходима библиотека, что бы связать&nbsp;<b>phpunit</b>&nbsp;и&nbsp;<b>selenium</b>. Для этого идем в консоль и ставим ее:<br><br><pre># pear install phpunit/phpunit_selenium</pre><br>Если установка не пройдет и скажет что у вас уже установлен, нам нужно обновление ее:<br><br><pre># pear upgrade -f phpunit/phpunit_selenium</pre><br><br>Вся подготовка завершена, осталось запустить Selenium. Для этого идем опять в консоль и запускаем сервер:<br><br><pre># java -jar selenium-server-standalone-2.32.0.jar</pre><br>Все работает и можно приступить к изучению&nbsp;<a href="http://yiiframework.ru/doc/guide/ru/test.overview">разработки через тестирование&nbsp;под Yii framework</a>.<br><br>Заходим в наш новый, созданный проект, с помощью yiic webapp, в директорию:<br><i>/protected/test</i><br>Открываем редактором&nbsp;<b>phpunit.xml&nbsp;</b>и изменяем параметр&nbsp;<i>colors="true",&nbsp;</i>указываем браузеры в которых будет проводится тест. Закрываем редактор и запускаем тест:<br><br><pre># phpunit --verbose functional</pre><br></p>', '2014-03-06 02:16:53', 'f40ea59f1ef6785b8eda9d0ee0e05b26.jpg', 443, 3, 0, 2, 'public'),
(5, 'Техническое задание', 'Техническое задание, составление, пример технического задания', 'Пример технического задания для сайта.', 'tehnicheskoe_zadanie', 'Различные стандарты являются неотъемлемой частью нашей жизни - они повсюду. Может показаться, что мы живем в условных рамках, за которые никак нельзя выйти. ', '<p><p>Различные стандарты являются&nbsp;неотъемлемой&nbsp;частью нашей жизни - они повсюду. Может показаться, что мы живем в условных рамках, за которые никак нельзя выйти. Так же, можно сказать, что правила в стандартах принято нарушать, но можно просто выбрать один стандарт, который значительно облегчит жизнь и вам и всем тем, кто вас окружает.</p><p>В данной статье пойдет речь о техническом задании: в чем его преимущество и почему его необходимо использовать.</p><p>Техническое задание&nbsp;- это документированное описание проблемы, которую необходимо решить.</p><p>Масса времени уходит на составление технического задания - порой даже больше чем на разработку самого проекта, ведь в ТЗ можно переопределять свое видение реализации с компенсацией времени на разработку. Даже простейшую задачу каждый воспринимает по-своему, поэтому описание должно быть максимально точным. Можно определить расхождение мысли пропорционально детализации технического задания. Многие заказчики думают: "зачем нужно ТЗ, если и так все понятно", - но после окончания разработки проекта оказывается, что нужно было сделать совсем другое. Еще одной проблемой является подписание договоров без ознакомления с техническим заданием, так как изучать&nbsp;формализованное описание интерфейса и бизнес-логики - весьма неинтересное занятие, но все же лучше заказчику потратить пару часов, ведь заказ будет выполнен в точности по документу.</p><p>Хорошей практикой является назначение ответственного за проект человека (менеджера) - не каждый технический работник (непосредственный исполнитель) может выдержать непонимание клиента. Руководитель проекта&nbsp;при составлении технического задания обязан задавать клиенту множество конкретизирующих вопросов - как буд-то они решают спор в суде. Например, блок новостей может быть реализован&nbsp;миллиардом способов и если все пункты, касающиеся его реализации, прописаны весьма подробно и был разработан прототип, то у каждой из сторон будет понимание того, что данная страница будет выглядеть&nbsp;именно так, а не иначе. Еще бывает случаии нестыковки ТЗ с дизайном, поэтому разработка прототипа (визуального) на основе ТЗ просто необходима. Существует множество инструментов для прототипирования, так что не стоит прибегать к тривиальному начертанию прототипа на листке бумаги - &nbsp;лучше сберечь зрение и нервы себе, и другим. Решайте сами,&nbsp;<a href="http://habrahabr.ru/company/aiken/blog/129653/">какой из инструментов</a>&nbsp;выбрать&nbsp;для себя, я же выбрал наиболее простой и быстрый в использовании&nbsp;<a href="https://moqups.com/">moqups.com</a>.</p><p>Для того, чтобы грамотно составить техническое задание, а не просто бездумную писанину с кучей "копипастов", необходимо привести документ к общему стандарту, а если точнее - оформить определенный стандарт. У ГОСТа предусмотрен 19 раздел "Единая система программной документации", и особо интересным &nbsp;является&nbsp;<a href="http://www.rugost.com/index.php?option=com_content&amp;view=article&amp;id=55:19202-78&amp;catid=19&amp;Itemid=50">ГОСТ 19.201-78</a>, но данный документ был внесен в реестр в 1978 году и поэтому некоторые моменты уже устарели. Итак, вот как нам видится хорошее техническое задание.</p><p><strong>Структура технического задания:</strong></p><ol><li>Общие слова;</li><li>Эксплуатационное назначение;</li><li>Функциональное назначение;</li><li>Термины и определения;</li><li>Данные и списки;</li><li>Страница с описанием;</li><li>Требования к надежности;</li><li>Требования к хостингу;</li><li>Наполнение контентом;</li><li>Сдача и приемка.</li></ol><p>Теперь рассмотрим каждый пункт подробнее.</p><p><strong>1. Общие слова.</strong></p><p>В данном разделе необходимо указать общее описание сайта, чтобы вначале ознакомления с документом разработчик мог понять, что за тематика у сайта и для чего он вообще нужен. Описывать нужно коротко и, по возможности, но четко.</p><p><strong>2. Эксплуатационное назначение.</strong></p><p>Здесь указывается, какую отдачу от проекта хочет получить заказчик (будь то материальная выгода или моральное удовлетворение). Для интернет-магазина это будет продажа товаров с наценкой для повышения материального блага; для форума это будет, например, создание сообщества для дальнейшего сотрудничества, что в последствии приведет к какой-либо прибыли. И т.п.</p><p><strong>3. Функциональное назначение.</strong></p><p>Здесь будет коротко описано, при помощи чего (модули, блоки и т.п.) будет реализован предыдущий пункт<strong>"Эксплуатационное назначение"</strong>. Например, для магазина это будет каталог товаров, корзина заказов, оформления заказа, личный кабинет. И т.п.</p><p><strong>4. Термины и определения.</strong></p><p>В этом раздели необходимо прописать основные термины, которые&nbsp;будут использоваться в ТЗ Это нужно &nbsp;для того, чтобы&nbsp;в дальнейшем не было недопонимания. Термины могут быть определены как исполнителем (пример: SMTP, Шаблон), так и заказчиком.</p><p><strong>5. Данные и списки. (Самый важный пункт)</strong></p><ul><li><strong>Данные</strong></li></ul><p>В данном разделе указываются перечень сущностей, которые будут присутствовать в проекте. Все это описание напоминает составление архитектуры базы данные, но только в словесной форме. Например, как будет выглядеть Новость:</p><ul><li>Новость<ul><li>Название &nbsp;(текст, не более 150 символов)</li><li>Автор &nbsp;(берется из пользователей)</li><li>Дата добавления &nbsp;(30-12-2012 23:59:59)</li><li>Анонс &nbsp;(текст, не более 500 символов)</li><li>Текст &nbsp;(текст)</li></ul></li><li>Пользователи<ul><li>Имя &nbsp;(текст, не более 150 символов)</li><li>Логин &nbsp;(текст, не более 50 символов, только латиница)</li><li>Пароль &nbsp;(текст, не более 50 символов)</li></ul></li></ul><ul><li><strong>Списки</strong></li></ul><p>В данном раздели будут описываться различные списки: что необходимо выводить и по каким критериям. Например, для новостей будет блок "последняя новость" в который будут выводится такие-то поля, а остальная выборка будет производиться по 5 новостей на страницу.</p><p><strong>6. Страници с описанием.</strong></p><p>В этом разделе необходимо указывать краткое описание того, из чего будет состоять та или иная страница, так как большая часть будет ссылаться на раздел&nbsp;<strong>5 "Данные и списки"</strong>. Например, на странице будет отображаться блок новостей (блок новостей описан в разделе 5), имя автора должна быть ссылкой и перенаправлять на личную страницу автора, и, конечно, к каждому описанию необходим страницы:</p><p><img alt="" src="https://lh4.googleusercontent.com/29m90HmVgYoLr9dOIUyxDLrvRVffTy8mz_3XBmquJ4AO-N_ozA2rOp2iPDuhmzccuNkn0h712DPsCCu26F1deHA9yC0j4-WtMlJxlhBYeGShM5pU8nPL" style="cursor: nw-resize;"></p><p>Т.е. в этом раздели не стоит описывать, как будет выглядеть страница, для этого и предназначены прототипы, тут необходимо расписывать основные функциональные действия ("что делает?", "как делает?").</p><p>Необходимо, чтобы описания были непротиворечивы с прототипами, т.е. все сущности, которые были прописаны в разделе 5 обязательны должны быть в прототипе, и наоборот, все поля, которые указанные в прототипе, должны быть указанны в разделе 5. Часто бывает, что заказчик запоминает, как будет выглядеть прототип, но абсолютно не помнит, что было описано.</p><p>В этом раздели также необходимо описать все поля, которые будут обязательны для заполнения, нужно описать права доступа, т.е. к какой странице имеет доступ пользователь, у которого установленные определенные права.</p><p><strong>7. Требования к надежности.</strong></p><p>Если проект будет высоко-нагруженным, то необходимо указать это, чтобы разработчики предусмотрели возможность снижения нагрузки. Так же, необходимо указать, требуется ли создавать резервную копию и с какой частотой. Конечно, нужно не забыть упомянуть, что никто не застрахован от хакерских атак, что &nbsp;возможна потеря данных. Да и сервер млжет простонапрасно сгореть.</p><p><strong>8. Требования к хостингу.</strong></p><p>В этом разделе нужно прописать параметры хостинга, который нужен для нормального функционирования проекта. Это нужно для того, чтобы предотвратить непонимание заказчика, почему он не может перенести &nbsp; проект, разработанный&nbsp;с использованием PHP, на другой сервер, где установлен только Python.</p><p>Сюда стоит включить требования к интерпретаторам, библиотекам, пакетам, гемам, требования к дисковому пространству, памяти, smtp, pop, ftp, внешним программам и прочему, что имеет значение для работы проекта.</p><p><strong>9. Наполнение контентом.</strong></p><p>Необходимо указать тот фронт работ по наполнению сайта, который будет выполняться исполнителем. Этот пункт обязательно должен присутствовать, так как даже для простого сайта, как минимум, нужно создать администратора и передать логин и пароль заказчику.</p><p>Если же будет предусмотрино, что исполнитель должен наполнить сайт каким-то материалом, это необходимо здесь указать.</p><p><strong>10. Сдача и приемка.</strong></p><p>Здесь расписывается порядок взаимодействия исполнителя и заказчика, на какие промежутки делится вся разработка, что за этим следует - все должно подписываться обеими сторонами. Если пункт был выполнен исполнителем и заказчик поставил подпись, то&nbsp;исполнитель&nbsp;имеет право не возвращаться к этому пункту, до окончания выполнения остального фронта работ. В этом разделе также указывается руководитель проекта, с которым и будет происходить взамодействие между заказчиком и разработчиками.</p><p>Данная структура Технического задания является наиболее гибкой и оптимальной, каждый последующий пункт является расширением предыдущего.</p><p>Не ленитесь тратить время на составление подробного технического задания - тем самым вы сбережете деньги и нервы не только себе, но и партнеру.</p></p>', '2014-03-02 16:59:04', 'c6b10d74e6b8e18fc4ed77898aceee98.png', 107, 4, 0, 0, 'public'),
(6, 'Когда лучше использовать CMS, а когда Framework?', 'CMS, Framework, сравнение cms и framework', 'Когда лучше использовать CMS, а когда Framework?', 'sravnenie_cms_i_framework', 'Для того что бы понять когда использовать CMS, а когда framework, нужно для начала определиться для чего предназначен тот или иной инструмент.', '<p><p>Для того что бы понять когда использовать CMS, а когда framework, нужно для начала определиться для чего предназначен тот или иной инструмент. Забегу в перед, я сам приверженец использования framework, но ни когда был не против за использование готовой CMS, если она не противоречит требованиям поставленной задачи. При сравнении CMS с Framework были за основу взяты (Joomla/Bitrix) и (Yii/Symfony).</p><p>Что гласит Wiki по CMS:</p><table><tbody><tr><td><strong>Цитата</strong></td></tr><tr><td>Систе́ма управле́ния содержи́мым (конте́нтом) (англ. Content management system, CMS)[1] — информационная система или компьютерная программа, используемая для обеспечения и организации совместного процесса создания, редактирования и управления контентом (то есть содержимым)[2].<br>Основные функции CMS[3]:<br><ul><li>Предоставление инструментов для создания содержимого, организация совместной работы над содержимым,</li><li>Управление содержимым: хранение, контроль версий, соблюдение режима доступа, управление потоком документов и т. п.,</li><li>Публикация содержимого,</li><li>Представление информации в виде, удобном для навигации, поиска.</li></ul></td></tr></tbody></table><p><br>Т.е. исходя из названия и выполняемым функционалом, это некая завершенная система при помощи которой можно управлять содержимым. В CMS добавлена возможность расширяемости, т.е. написаны различные модули/компоненты которые позволяют расширить данную систему под определенные нужды.</p><p>Из плюсов CMS можно выделить:</p><ul><li>Имеются бесплатные движки.</li><li>Можно расширять при помощи модулей, компонентов, так же можно найти бесплатные.</li><li>Огромное количество готовых бесплатных шаблонов.</li></ul><p>Из минусов:</p><ul><li>Увеличенная нагрузка на сервер.</li><li>Создание ненужных дублей страницы</li><li>Внутренняя перелинковка, не самая удачная</li></ul><p>Но каждый из минусов можно найти различные решения, но это будут еще одни костыли. Поэтому для тех кто все же решил что проект будет жить на готовом скрипте лучше смотреть в сторону CMF, т.к. при надобности можно будет доработать проект не стандартными решениями.<br><br>Framework:</p><table><tbody><tr><td><strong>Цитата</strong></td></tr><tr><td>Фреймворк (англ. framework — каркас, структура) — структура программной системы; программное обеспечение, облегчающее разработку и объединение разных компонентов большого программного проекта. В отличие от библиотек, которые объединяют набор подпрограмм близкой функциональности, фреймворк содержит в себе большое количество разных по назначению библиотек. Употребляется также слово «каркас», а некоторые авторы используют его в качестве основного, в том числе не базируясь вообще на англоязычном аналоге.[1][2][3] Можно также говорить о каркасном подходе[3] как о подходе к построению программ, где любая конфигурация программы строится из двух частей: первая, постоянная часть — каркас, не меняющийся от конфигурации к конфигурации и несущий в себе гнезда, в которых размещается вторая, переменная часть — сменные модули (или точки расширения).</td></tr></tbody></table><div><br>Если перевести на человеческий язык, то framework это такой пластилин при помощи которого можно быстро соорудить стандартный каркас, который будет изменяться под определенную задачу.<br>Плюсы:<p></p><ul><li>Независимость в реализации</li><li>Имеет некие стандарты, такие как MVC, которые позволяют заниматься нескольким разработчиком.</li><li>Настройка системы, рефакторинг кода</li></ul><p>Минусы:</p><ul><li>Незначительно увеличивается время на разработку</li></ul><p>Если сравнивать CMS с Framework по времени в разработки, то тут не всегда выигрывает CMS. Приведу некую ситуацию через которую частично каждый проходит:<br>У заказчика появляется потребность в создании своего продукта, продукт масштабный и на базе Bitrix есть возможность в разработке, но студия (исполнитель) предлагает выполнить работу на framework symfony, но при этом на 1С работу выведут в эксплуатацию за неделю, на Symfony месяц. Заказчик решает заказать на Bitrix.<br>Работа за неделю выполнена и выведена в эксплуатацию, и после продвижения, когда начинается посещаемость в 20 тыс. пользователей начинается не значительно тормозить ресурс и после использования ресурса, у заказчика появляются идеи, как упростить ресурс, и сделать его более удобным в использовании. Студия (исполнитель) начинает проводить оптимизацию сайта, и добавления новых модулей, и на это время уходит более месяца. Основная проблема в доработки новых модулей под CMS является - это не стандартность модулей, которые могут быть не совместимы с ядром CMS и для переработки самой CMS может уйти месяца, при этом не каждая студия возьмется за такую работу. Если заказчик все же решился на разработку на Symfony и потратил месяц ожидания, дальнейшие изменения, рефакторинг или доработка будет выходить в несколько недель, следовательно стоимость доработки будет значительно дешевле.<br><br>ИТОГ:<br>Не стоит пренебрегать готовыми CMS и делать от простых до самых сложных проектов только на framework, т.к. разработка простых проектов, которые не предусматривается увеличения нестандартным функционалом, лучше использовать готовую CMS.<br><br>Умейте делить мух от котлет и тогда не будет появляться подобные вопросы "Когда лучше использовать CMS, а когда Framework?"</p></div><br></p>', '2014-02-26 17:09:37', 'd39bce0d626483c6a1221805a3e412a1.jpg', 349, 4, 0, 2, 'public'),
(7, 'Фабрика методов (Factory method)', 'Фабрика методов, Factory method', 'Фабрика методов (Factory method)', 'fabrika_metodov', 'Шаблон фабрика методов является порождающим. Основная его концепция в том, что создается некий интерфейс, который предоставляет правила для создания дочерним классам.', '<p><p>Шаблон&nbsp;<b>фабрика методов</b>&nbsp;является&nbsp;порождающим. Основная его концепция в том, что создается некий интерфейс, который предоставляет правила для создания&nbsp;дочерним&nbsp;классам.</p><p>Данный шаблон, перед тем как создать класс, дает возможность определить какими свойствами будет обладать наследующий класс и к какому семейству будет относиться данная связь. Таким образом фабрика методов предоставляем возможность использования языка программирования на более высоком уровне.</p><p>При использовании шаблона проектирования "Фабрики методов" задаются основные направлении при реализации поставленных задач.</p><p>Как данный шаблон будет выглядеть в примере:</p><pre>&lt;?php \r\n/**\r\n * Данный интерфейс является "Фабрикой методов"\r\n */\r\nabstract <b>class</b> Application{\r\n    <b>abstract</b> public function getResult();\r\n}\r\n\r\nclass Forms extends Application\r\n{\r\n    public function setParams(){\r\n\r\n    }\r\n\r\n    public function getResult(){\r\n\r\n    }\r\n}\r\n?&gt;</pre><br></p>', '2014-02-24 17:44:17', '06cad8951fcee993bf228cdb63ea15ce.jpg', 104, 2, 0, 0, 'public'),
(8, 'Стандарт', 'Стандарт, стиль программирования', 'Пример стандартов оформления листинга программы', 'standart', 'Стандарт - это так называемый образец к которому стремятся при решение каких либо задач. Так и в PHP, стандарт оформления кода является не на последнем месте, особенно касается это программистов работающих в фирмах с немалым штатом, когда порой над одной задачей трудятся не один программист.', '<p><p><b>Стандарт</b>&nbsp;- это так называемый образец к которому&nbsp;стремятся&nbsp;при решение каких либо задач. Так и в PHP, стандарт&nbsp;<u>оформления кода</u>&nbsp;является не на последнем месте, особенно касается это программистов работающих в фирмах с немалым штатом, когда порой над одной задачей трудятся не один программист. Для того что бы разработчикам было не сложно работать над одной задачей были разработаны не только различные инструменты, такие как контроль версий (svn, git и др.), без использования стандартов, продукт был бы похож на радугу, и по стилю кодирования можно определить какой из разработчиков реализовал данную часть кода.</p><p>Сколько людей столько и мнений, и существуют такие программисты которые отказываются разбираться в чужом, плохо читаемом&nbsp;коде. Для избежания таких ситуаций, некоторые из интернет гигантов, вывели свои стандарты, они между собой немного схожи. Основной задачей остается найти соглашения между программистами, с которыми работаешь, какой из стандартов взять как базовый и придерживаться ему.</p><p>Стандарты PHP:</p><ol><li><a href="http://pear.php.net/manual/en/standards.php">http://pear.php.net/manual/en/standards.php</a></li><li><a href="http://framework.zend.com/manual/en/coding-standard.html">http://framework.zend.com/manual/en/coding-standard.html</a></li><li><a href="http://trac.symfony-project.org/wiki/HowToContributeToSymfony#CodingStandards">http://trac.symfony-project.org/wiki/HowToContributeToSymfony#CodingStandards</a></li><li><a href="http://trac.cakephp.org/wiki/Developement/CodingStandards">http://trac.cakephp.org/wiki/Developement/CodingStandards</a></li><li><a href="http://www.dagbladet.no/development/phpcodingstandard/">http://www.dagbladet.no/development/phpcodingstandard/</a></li><li><a href="http://www.evolt.org/article/PHP_coding_guidelines/18/60247/">http://www.evolt.org/article/PHP_coding_guidelines/18/60247/</a></li><li><a href="http://gforge.org/docman/view.php/1/2/coding-standards.html">http://gforge.org/docman/view.php/1/2/coding-standards.html</a></li></ol><p>На мой взгляд самый удачный это zend standards. Это было предпочтением многих, наверное потому, что каждый из коллег был каким либо образом связан с zend''ом и изучал этот стандарт, и в последующем использовал его для себя. Zend стандарт к тому же является весьма гибким по отношению к другим и принуждение программистов для перевоспитания себя сводится на нет.</p><br></p>', '2014-02-21 17:48:08', '04801814d6b1b4e09cc83b019385ef9c.jpg', 125, 2, 0, 0, 'public'),
(9, 'Singleton (Одиночка)', 'Singleton, паттерн проектирования', 'Singleton - порождающийся паттерн проектирования, который будет создан в одном экземпляре и дает доступ ко всему приложению из одной точки.  Singleton один из наиболее используемых паттернов проектирования, так как из любой части приложения разработчик имеет возможность обратиться к приложению.', 'singleton', 'Singleton - порождающийся паттерн проектирования, который будет создан в одном экземпляре и дает доступ ко всему приложению из одной точки.\r\n\r\nSingleton один из наиболее используемых паттернов проектирования, так как из любой части приложения разработчик имеет возможность обратиться к приложению.', '<p><p><b>Singleton</b>&nbsp;-&nbsp;порождающийся&nbsp;паттерн&nbsp;проектирования, который будет создан в одном экземпляре и дает доступ ко всему приложению из одной точки.</p><p><b>Singleton</b>&nbsp;один из наиболее используемых паттернов проектирования, так как из любой части приложения разработчик имеет возможность обратиться к приложению.</p><p><a href="http://upload.wikimedia.org/wikipedia/commons/d/d7/Singleton_classdia.png"><img border="0" data-orig-src="http://upload.wikimedia.org/wikipedia/commons/d/d7/Singleton_classdia.png" height="154" src="https://images-blogger-opensocial.googleusercontent.com/gadgets/proxy?url=http%3A%2F%2Fupload.wikimedia.org%2Fwikipedia%2Fcommons%2Fd%2Fd7%2FSingleton_classdia.png&amp;container=blogger&amp;gadget=a&amp;rewriteMime=image%2F*" width="320"></a></p><p>Реализация паттерна singleton:</p><p></p><pre>class Singleton \r\n {\r\n    protected static $instance;\r\n\r\n    private function __construct(){\r\n    \r\n    }\r\n\r\n    public static function &amp;getInstance() \r\n    {\r\n        if ( !is_object(self::$instance) ) {\r\n            self::$instance = new <b>self</b>;\r\n        }\r\n        return self::$instance;\r\n    }\r\n }\r\n Singleton::getInstance();</pre><p></p><p>Практическая реализация:</p><p></p><pre> class Singleton {\r\n    protected static $instance;\r\n    private $_qwe = ''123'';\r\n\r\n    private function __construct()\r\n    {\r\n    \r\n    }\r\n\r\n    public static function &amp;getInstance(){\r\n        if(!is_object(self::$instance))\r\n            self::$instance = new <b>self</b>;\r\n        \r\n        return self::$instance;\r\n    }\r\n    public function qwe($q = false){\r\n       if($q)\r\n            $this-&gt;_qwe = $q;\r\n       echo $this-&gt;_qwe;\r\n    }\r\n }\r\n Singleton::getInstance()-&gt;qwe();  // 123\r\n Singleton::getInstance()-&gt;qwe(''qwe''); // qwe\r\n $obj =&amp; Singleton::getInstance();\r\n $obj-&gt;qwe();    // qwe\r\n $obj-&gt;qwe(''ok'');   // ok\r\n Singleton::getInstance()-&gt;qwe(); // ok\r\n Singleton::getInstance()-&gt;qwe(''qwe''); // qwe\r\n $obj-&gt;qwe();    // qwe</pre><p></p><p>Просмотрим как используется&nbsp;<b>singleton</b>&nbsp;в framework Yii:</p><p><i>yii.php</i></p><p></p><pre>require(dirname(__FILE__).''/YiiBase.php'');\r\n\r\nclass Yii extends YiiBase\r\n{\r\n}</pre><p></p><p><i>YiiBase.php</i></p><p></p><pre>class YiiBase\r\n{\r\n    \r\n    private static $_app;\r\n\r\n    public static function createWebApplication($config=null)\r\n    {\r\n       return self::createApplication(''CWebApplication'',$config);\r\n    }\r\n\r\n    public static function createApplication($class,$config=null)\r\n    {\r\n       return new $class($config);\r\n    }\r\n\r\n    public static function app()\r\n    {\r\n       return self::$_app;\r\n    }\r\n    \r\n    public static function setApplication($app)\r\n    {\r\n       if(self::$_app===null || $app===null)\r\n          self::$_app=$app;\r\n       else\r\n          throw new CException(Yii::t(''yii'',''Yii application can only be created once.''));\r\n    }\r\n}</pre><p></p><p><i>/web/CWebApplication.php</i></p><p></p><pre>class CWebApplication extends CApplication\r\n{\r\n\r\n}</pre><p></p><p><i>/base/CApplication.php</i></p><p></p><pre>abstract class CApplication extends CModule\r\n{\r\n    public function __construct($config=null)\r\n    {\r\n        Yii::setApplication($this);\r\n    }\r\n}</pre><p></p><p><i>Запуск из index.php</i></p><p></p><pre>Yii::createWebApplication($config)-&gt;run();</pre><p></p><br></p>', '2014-02-21 18:57:16', '03cfeab177954b48b8741abdc021785c.jpg', 113, 4, 0, 1, 'public');
INSERT INTO `blog` (`id`, `header`, `keywords`, `description`, `alias`, `short_description`, `text_description`, `date_create`, `preview`, `count_view`, `count_like`, `count_dislike`, `count_comment`, `status`) VALUES
(10, 'Git репозиторий', 'Git, репозиторий, создание репозитория', 'Когда наступила необходимость использования git репозитория, и началось блуждание по различным мануалам, документациям и статьям, обнаруживался копипаст одного и того же текста с небольшими изменениями, но в итоге обычного объяснения, от которого было понятно изначально, так и не было.', 'git_repozitoriy', 'Когда наступила необходимость использования git репозитория, и началось блуждание по различным мануалам, документациям и статьям, обнаруживался копипаст одного и того же текста с небольшими изменениями, но в итоге обычного объяснения, от которого было понятно изначально, так и не было.', '<p><p>Когда наступила необходимость использования git репозитория, и началось блуждание по различным&nbsp;мануалам, документациям и статьям, обнаруживался копипаст одного и того же текста с небольшими изменениями, но в итоге обычного объяснения, от которого было понятно изначально, так и не было. Вполне вероятно, что мои запросы в поисковых системах были не верны, в следствии чего я постоянно натыкался на одни и те же статьи, с различными описаниями встроенных конструкций git. После изученного мне требовалось составить стартовую документацию для коллег по работе, что в итоге и было сделано. Конечно бурно ни кто не оценил данную опцию и видели в ней только увеличения ненужной волокиты, за исключением одного плюса - резервного копирования, на этом&nbsp;большинство сошлось, но опробовать что выйдет из этого, с внедрением в процесс разработки, все же утвердились.</p><p>Железо было подобрано наиболее подходящее, какое именно указывать думаю не стоит. Установили Redmine и Git, все вместе это привязали и было готово к выполнению поставленных задач.</p><p>Далее я решил указать свою заметку, которая возможно пригодится для других. Полный перечень команд и других полноценных описаний возможностей Git нет смысла, т.к. в сети по данной теме огромное множество, так и копипаста.</p><p>Как говорится будем подходить из далека.</p><p><b>Принцип взаимодействия</b></p><p>Хост-сервер (где непосредственно&nbsp;располагаются&nbsp;сайты)</p><p>Офис-сервер (Redmine+Git)</p><p>ПК-разработчика</p><p>Если сайт уже находится на хост-сервере, создается инициализация проекта, фиксация всей структуры и передача на офис-сервер. Каждый разработчик делает клон проекта с офис-сервера на пк-разработчика. Далее начинается процесс разработки.</p><p>После определенного времени, разработчик основывается на личное мнение, когда считает что необходимо оставить слепок текущего состояния разработки, производится фиксация изменений и выгрузка на офис-сервер.</p><p>Когда проект был выполнен, протестирован и утвержден, производится клонирование проекта с офис-сервера на хост-сервера, если необходимо - с заменой всего содержимого, устаревшего проекта.</p><p><b>Как это изнутри...</b></p><p>Заходим на офис-сервер по средством SSH в директорию со всеми репозиториями и создаем там новый для проекта, с расширением *.git</p><p>далее переходим в созданную директорию и инициализируем репозиторий</p><blockquote><p>git --bare init</p></blockquote><p>Далее в Redmine, в созданном проекте указываем пусть до хранилища.</p><p>Затем заходим на хост-сервер инициализируем git, фиксируем проект, добавляем коментарий и отправляем на офис-сервер.</p><blockquote><p>git init</p><p>git add .</p><p>git remote add origin user@example.com:22/bin/git/example.git</p><p>git commit -m ''Коментарий''</p><p>git push origin master</p></blockquote><p>Разработчик клонирует репозиторий себе на пк-разработчика:</p><blockquote><p>git clone user@example.com:22/bin/git/example.git</p></blockquote><p>Для создания слепка разработчику с пк-разработчика на офис-сервер выполняет фиксацию изменений, комментирование и выгрузку.</p><blockquote><p>git add .</p><p>git commit -m ''Коментарий''</p><p>git push</p></blockquote><p>По&nbsp;заверению&nbsp;разработки производится клонирование репозитория с офис-сервера на хост-сервер, с последующей заменой устаревших файлов.</p><p><b>Итог</b></p><p>Данное описание является тривиальным, но именно такого описания не хватало для начало использования репозитория git. Конечно базовым не назовешь этот материал и после изучения его необходимо дальнейшее изучения возможностей git, таких как откат версии, ветвление, создание тег, игнорирование фиксаций и т.п.</p><br></p>', '2014-02-15 19:10:02', 'd8de23d1ffdd0bcc687c42be55559985.jpg', 45, 1, 0, 0, 'public'),
(11, 'Регулярные выражения', 'Регулярные выражения, составление регулярных выражений, регулярки', 'Регулярные выражения (regular expressions) - это один из способов поиска подстрок в тексте, с сопоставлением значений для созданного шаблона. В сущности регулярные выражение является образцом того, что ищут в строке.', 'regularnye_vyrajeniya', 'Регулярные выражения (regular expressions) - это один из способов поиска подстрок в тексте, с сопоставлением значений для созданного шаблона. В сущности регулярные выражение является образцом того, что ищут в строке.', '<p><p><b>Регулярные выражения</b>&nbsp;(<i>regular expressions) -&nbsp;</i>это один из способов поиска подстрок в тексте, с сопоставлением значений для созданного шаблона. В сущности регулярные выражение является образцом того, что ищут в строке.</p><p>Регулярки основательно обосновались во многих языках программирования, а так же операционных системах. В различных языках программирования шаблоны практически не различимы, отличие только в том - какими конструкциями языка они обрабатываются.</p><p><i>Краткий перечень Спец символов регулярных выражений:</i></p><p><b>\\&nbsp;</b>- Означает, что следующим символ является специальным.</p><p><b>^</b>&nbsp;- Соответствует началу строки.</p><p><b>$</b>&nbsp;- Соответствует концу строки.</p><p><b>*</b>&nbsp;- Соответствует повторению предыдущего символа нуль или более раз.</p><p><b>+</b>&nbsp;- Соответствует повторению предыдущего символа один или более раз.</p><p><b>?</b>&nbsp;- Соответствует повторению предыдущего символа нуль или один раз.</p><p><b>.</b>&nbsp;- Соответствует любому символу, кроме символа новой строки.</p><p><b>(pattern)</b>&nbsp;- Соответствует строке pattern и запоминает найденное соответствие.</p><p><b>(?=pattern1|pattern2)</b>&nbsp;- Соответствует одному из значений pattenr*, без запоминания найденного соответствия.</p><p><b>(?!<b>pattern1|pattern2</b>)</b>&nbsp;- Соответствует значению которое не совпадает из перечисленного, без запоминания найденного соответствия.</p><p><b>x|y</b>&nbsp;- Соответствует x или y.</p><p><b>{n}</b>&nbsp;- "n" неотрицательное число. Указывает количество вхождений предыдущего символа.</p><p><b>{n,}</b>&nbsp;- "n" неотрицательное число.&nbsp;Указывает количество вхождений предыдущего символа или более.</p><p><b>{n,m}</b>&nbsp;- "n" и "m" неотрицательное числа. Указывает диапазон вхождений предыдущего символа от "n" до "m".</p><p><b>[qwe]</b>&nbsp;- Соответствует любому символу.</p><p><b>[^qwe]</b>&nbsp;- Соответствует любому символу, кроме указанных.</p><p><b>[a-z]</b>&nbsp;- Соответствует любому символу в указанном диапазоне.</p><p><b>[^a-z]</b>&nbsp;- Соответствует любому символу, кроме указанного диапазона.</p><p><b>\\b</b>&nbsp;- Границе слова.</p><p><b>\\B</b>&nbsp;- Любой позиции, кроме границе слова.</p><p><b>\\сX</b>&nbsp;- Соответствует символу Ctrl+X</p><p><b>\\d</b>&nbsp;- Соответствует цифре. Эквивалентно [0-9]</p><p><b>\\D</b>&nbsp;- Соответствует нецифровому символу. Эквивалентно [^0-9]</p><p><b>\\f</b>&nbsp;- Соответствует символу перевода формата (FF).</p><p><b>\\n</b>&nbsp;- Соответствует символу перевода строки (LF).</p><p><b>\\r</b>&nbsp;- Соответствует символу возврата каретки (CR).</p><p><b>\\s</b>&nbsp;- Соответствует символу пробела. Эквивалентно /[ \\f\\n\\r\\t\\v]/</p><p><b>\\S</b>&nbsp;- Соответствует любому непробельному символу. Эквивалентно /[^ \\f\\n\\r\\t\\v]/</p><p><b>\\t</b>&nbsp;- Соответствует символу табуляции (HT).</p><p><b>\\v</b>&nbsp;- Соответствует символу вертикальной табуляции (VT).</p><p><b>\\w</b>&nbsp;- Соответствует латинской букве, цифре или подчеркиванию. Эквивалентно /[A-Za-z0-9_]/</p><p><b>\\W</b>&nbsp;- Соответствует любому символу, кроме латинской буквы, цифры или подчеркивания.</p><p><i>Критерии поиска:</i></p><table><tbody><tr><td><p><strong>i</strong></p></td><td><p>- не различать строчные и заглавные буквы.</p></td></tr><tr><td><p><strong>m</strong></p></td><td><p>- считать строку многострочной.</p></td></tr><tr><td><p><strong>s</strong></p></td><td><p>- однострочная строка.</p></td></tr><tr><td><p><strong>x</strong></p></td><td><p>- расширенный синтаксис ( использование пробелов и&nbsp;</p></td></tr></tbody></table><p></p><p>Для себя я определил один из наиболее нужных инструментов для разработки регулярок:&nbsp;<a href="http://gskinner.com/RegExr/">http://gskinner.com/RegExr/</a></p><br></p>', '2014-02-12 19:13:08', '13306e4cce9aa4f9f70681cadb6cc939.jpg', 17, 1, 0, 0, 'public'),
(12, 'Паттерн Abstract Factory', 'Abstract Factory, паттерн проектирования, pattern', 'Паттерн Абстрактная фабрика позволяет гарантировать то, что все порожденные объекты будут соответствовать определенному семейству, за счет введения ограничений в абстрактном классе.', 'abstractnaya_fabrica', 'Паттерн Абстрактная фабрика позволяет гарантировать то, что все порожденные объекты будут соответствовать определенному семейству, за счет введения ограничений в абстрактном классе.', '<p><p><b>Название и классификация паттерна:</b></p><p><i>Абстрактная фабрика</i>&nbsp;- паттерн, порождающий объекты.</p><p><b>Назначение:</b></p><p>Предостовляет интерфейс для создания семейств взаимосвязанных или взаимозависимых объектов,&nbsp;не специфицируя их конкретных классов.</p><p><b>Применимость:</b></p><p><i>Используйте паттерн Абстрактная фабрика, когда:</i></p><ul><li>система не должна зависеть от того, как создаются, компонуются и представляются входящие в нее&nbsp;объекты;</li><li>входящие&nbsp;в семейство взаимосвязанные объекты должны использоваться вместе и вам необходимо обеспечить выполнение этого ограничения;</li><li>система должна конфигурироваться одним из семейств составляющих ее объектов;</li><li>вы хотите предоставить библиотеку объектов, раскрывая только их интерфесы, но не реализацию;</li></ul><p>Паттерн&nbsp;<i>Абстрактная фабрика</i>&nbsp;позволяет гарантировать то, что все порожденные объекты будут соответствовать определенному семейству, за счет введения ограничений в абстрактном классе. Разработчику предоставляется возможность контролировать классы объектов созданные приложением, через абстрактный&nbsp;интерфейс, а имена создаваемых объектов известны только конкретной фабрики и в коде клиента они не&nbsp;упоминаются. За счет того что паттерн Абстрактная фабрика должен&nbsp;появляться&nbsp;всего один раз - при инстанцировании (прямое или динамическое создание экземпляра класса), приложение становится централизованным и это облегчает замену используемой конкретной фабрики.</p><p><b>Пример:</b></p><p>В абстрактной классе определяется интерфейс для генерации новых классов, но сама генерация производится в классе создателя.</p><pre>&lt;?php \r\n    \r\n/** Наша абстрактная фабрика */\r\nabstract class myFactory\r\n{\r\n  /** точка входа в фабрику */\r\n  static public function getFactory(){\r\n    if(Base :: route[''get''][''mod''] == ''news'')\r\n      return new newsFactory();\r\n    else\r\n      return new blogFactory();\r\n  }    \r\n  /** предполагаем что у дочерних классов должны быть методы */\r\n  abstract function createMes();\r\n  abstract function getError();\r\n}\r\n    \r\n/** класс новостей */\r\nclass newsFactory extends myFactory\r\n{\r\n  public function createMes(){\r\n    return newsclass  :: createMes();\r\n  }\r\n  public function getError(){\r\n    return Base :: getError();\r\n  }\r\n}\r\n    \r\n/** класс блога */\r\nclass blogFactory extends myFactory\r\n{\r\n  public function createMes(){\r\n    return blogclass  :: createMes();\r\n  }\r\n  public function getError(){\r\n    return Base :: getError();\r\n  }\r\n}\r\n    \r\n/** запускаем нашу абстрактную фабрику */\r\n$factory = myFactory :: getFactory();\r\n    \r\n/** создаем новое сообщение */\r\n$factory -&gt; createMes();\r\n    \r\n/** смотрим ошибки */\r\n$factory -&gt; getError();\r\n?&gt;</pre><p></p><br></p>', '2014-02-12 19:45:37', 'ec9bdaee398fe6b02d4c1413ed8a1fb9.jpg', 323, 1, 0, 1, 'public'),
(13, 'Шаблоны проектирования', 'Шаблоны проектирования', 'Проектирование объектно-ориентированных приложений - нелегкое дело, а если их надо использовать повторно, то становится все сложней. ', 'shablony_proektirovaniya', 'Проектирование объектно-ориентированных приложений - нелегкое дело, а если их надо использовать повторно, то становится все сложней. Необходимо разработать объекты, которые будут соответствовать поставленной задачи, затем их разнести по классам, при этом продумать все его методы, которые будут реализовывать логику, а для этого появляется необходимость разработки интерфейсов со всевозможными иерархическими наследованиями.', '<p></p><p>Проектирование объектно-ориентированных приложений - нелегкое дело, а если их надо использовать повторно, то становится все сложней. Необходимо разработать объекты, которые будут соответствовать поставленной задачи, затем их разнести по классам, при этом продумать все его методы, которые будут реализовывать логику, а для этого появляется необходимость разработки интерфейсов со всевозможными иерархическими наследованиями. При разработке необходимо так же учитывать все требования, которые могут возникнуть в будущем. При проектировании объектно-ориентированных приложений ни у кого нет особого желания перепроектировать все заново, т.к. при попытке опробовать найденное решение на нескольких задачах приводит к тому, что модифицируют код заново.</p><p>Паттерны проектирования в данном случае нам будут, кстати, очень в помощь, так как они упрощают повторное использование удачных проектных и архитектурных решений. Но при этом надо помнить, что шаблон не является законченным образцом, и является только так называемой основой для разработки.</p><p>Как гласит wiki “<b>Шаблоны проектирования</b>&nbsp;(паттерн, англ. design pattern) — это многократно применяемая архитектурная конструкция, предоставляющая решение общей проблемы проектирования в рамках конкретного контекста и описывающая значимость этого решения. Паттерн не является законченным образцом проекта, который может быть прямо преобразован в код, скорее это описание или образец для того, как решить задачу, таким образом, чтобы это можно было использовать в различных ситуациях.”</p><p><u>Внимание!</u>&nbsp;Просьба не пугаться данного определения “Шаблонов проектирования”, если рассматривать его со слов Кристофера Александра - “любой паттерн описывает задачу, которая снова и снова возникает в нашей работе, а также принцип ее решения, при чем таким образом, что это решение потом можно использовать миллион раз, ничего не изобретая заново”. Хотя Александр имел в виду паттерны, возникающие при проектировании зданий и городов, но его слова верны и в отношении паттернов объектно-ориентированного проектирования.</p><p>Из чего же состоит паттерн?</p><ul><li><i>Имя.</i>&nbsp;Сославшись на него, при обсуждении с коллегами какой либо задачи, можно упростить весь диалог, т.к. имя паттерна несет в себе огромный смысл всей его реализации.</li><li><i>Задача.</i>&nbsp;Описание того, когда следует применять паттерн.</li><li><i>Решение.</i>&nbsp;Описание элементов, их функциональность и каким образом они связаны между собой.</li><li><i>Результаты.</i>&nbsp;Это полученный итог, после применения паттерна.</li></ul><p>При квалификации всех 23 паттернов можно разделить по целям реализации: порождающие (связаны с процессом создания объектов), структурные (имеют отношение к композиции объектов и классов) и паттерны поведения (характерезуют то, как классы и объекты взаимодействуют между собой).</p><ul><li><b>Порождающие</b><ul><li><a href="http://php-md5.blogspot.com/2011/10/abstract-factory.html"></a><a href="http://tmake.ru/blog/abstractnaya_fabrica">Abstract Factory (Абстрактная фабрика)</a></li><li><a href="http://php-md5.blogspot.com/2012/08/factory-method.html"></a><a href="http://tmake.ru/blog/fabrika_metodov">Factory Method (Фабричный метод)</a></li><li><a href="http://php-md5.blogspot.com/2012/08/singleton.html"></a><a href="http://tmake.ru/blog/singleton">Singleton (Одиночка)</a></li><li>Prototype (Прототип)</li><li>Builder (Строитель)</li></ul></li><li><b>Структурные</b><ul><li>Adapter (Адаптер)</li><li>Bridge (Мост)</li><li>Composite (Компоновщик)</li><li>Decorator (Декоратор)</li><li>Facade (Фасад)</li><li>Flyweight (Приспособленец)</li><li>Proxy (Проски)</li></ul></li><li><b>Паттерны поведения</b><ul><li>Chain of Responsibility (Цепочка обязанностей)</li><li>Command (Команда)</li><li>Interpreter (Интерпретатор)</li><li>Iterator (Итератор)</li><li>Mediator (Посредник)</li><li>Memento (Хранитель)</li><li>Observer (Наблюдатель)</li><li>State (Состояние)</li><li>Strategy (Стратегия)</li><li>Template Method (Шаблонный метод)</li><li>Visitor (Посетитель)</li></ul></li></ul><br><p></p>\r\n', '2014-02-12 19:58:29', '21e46032b86eedab895beadcdea33626.jpg', 47, 2, 0, 0, 'public');

-- --------------------------------------------------------

--
-- Структура таблицы `blog_category`
--

CREATE TABLE IF NOT EXISTS `blog_category` (
  `id` int(11) NOT NULL AUTO_INCREMENT,
  `blog_id` int(11) NOT NULL,
  `category_id` int(11) NOT NULL,
  PRIMARY KEY (`id`),
  KEY `blog_id` (`blog_id`),
  KEY `category_id` (`category_id`)
) ENGINE=InnoDB  DEFAULT CHARSET=utf8 AUTO_INCREMENT=14 ;

--
-- Дамп данных таблицы `blog_category`
--

INSERT INTO `blog_category` (`id`, `blog_id`, `category_id`) VALUES
(2, 4, 1),
(3, 4, 2),
(4, 5, 3),
(5, 6, 4),
(6, 6, 5),
(7, 4, 5),
(8, 7, 6),
(9, 8, 3),
(10, 9, 1),
(11, 9, 6),
(12, 9, 5),
(13, 11, 7);

-- --------------------------------------------------------

--
-- Структура таблицы `blog_comments`
--

CREATE TABLE IF NOT EXISTS `blog_comments` (
  `id` int(11) NOT NULL AUTO_INCREMENT,
  `blog_id` int(11) NOT NULL,
  `date_create` datetime NOT NULL,
  `username` varchar(256) NOT NULL,
  `text_description` text NOT NULL,
  `rating` int(11) NOT NULL,
  `ip` varchar(100) NOT NULL,
  PRIMARY KEY (`id`),
  KEY `blog_id` (`blog_id`)
) ENGINE=InnoDB  DEFAULT CHARSET=utf8 AUTO_INCREMENT=16 ;

--
-- Дамп данных таблицы `blog_comments`
--

INSERT INTO `blog_comments` (`id`, `blog_id`, `date_create`, `username`, `text_description`, `rating`, `ip`) VALUES
(10, 4, '2014-03-09 19:56:27', 'Alexander Plutov', '<p>Спасибо, думаю, вам будет интересна и эта статья про Selenium:<a href="http://plutov.by/post/test_phpunit_selenium">http://plutov.by/post/test_phpunit_selenium</a><br></p>', 2, '81.177.234.234'),
(11, 4, '2014-03-09 19:57:29', 'Степан <TMake.ru>', '<p>Спасибо, почитаю.<br></p>', 1, '81.177.234.234'),
(12, 6, '2014-02-27 20:04:17', 'Net Widemad', '<p>Вот! Самый офигенный ответ, который нашел в сети! А то уже полдня ломаю голову, какой фреймворк лучше :)﻿<br></p>', 1, '81.177.234.234'),
(13, 6, '2014-02-27 20:04:43', 'Степан <TMake.ru>', '<p>В статье рассматривалось абстрактное сравнение и вскользь упомянуты инструментарии, но за оценку материала спасибо.﻿<br></p>', 1, '81.177.234.234'),
(14, 9, '2014-02-22 20:08:49', 'Чити Васегаран', '<p>Мне не понятно, почему вы в "public static function &amp;getInstance()" использовали амперсанд? Было бы мегакруто, описать всю логику &nbsp;Yii под капотом.﻿<br></p>', 1, '81.177.234.234'),
(15, 12, '2014-02-16 21:11:42', 'Аноним', '<p>Spasibo bilo ochen poniatno!!﻿<br></p>', 1, '81.177.234.234');

-- --------------------------------------------------------

--
-- Структура таблицы `category`
--

CREATE TABLE IF NOT EXISTS `category` (
  `id` int(11) NOT NULL AUTO_INCREMENT,
  `title_name` varchar(256) NOT NULL,
  `alias` varchar(255) NOT NULL,
  `count_blog` int(11) NOT NULL,
  PRIMARY KEY (`id`),
  UNIQUE KEY `alias` (`alias`)
) ENGINE=InnoDB  DEFAULT CHARSET=utf8 AUTO_INCREMENT=8 ;

--
-- Дамп данных таблицы `category`
--

INSERT INTO `category` (`id`, `title_name`, `alias`, `count_blog`) VALUES
(1, 'Yii', 'yii', 2),
(2, 'TDD', 'tdd', 1),
(3, 'Стандарты', 'standart', 2),
(4, 'CMS', 'cms', 1),
(5, 'Framework', 'framework', 3),
(6, 'Pattern', 'pattern', 2),
(7, 'RegExp', 'regexp', 1);

-- --------------------------------------------------------

--
-- Структура таблицы `imperavi`
--

CREATE TABLE IF NOT EXISTS `imperavi` (
  `id` int(11) NOT NULL AUTO_INCREMENT,
  `image` varchar(255) NOT NULL,
  `modelName` varchar(255) NOT NULL,
  `field` varchar(255) NOT NULL,
  `modelId` int(11) NOT NULL,
  `status` enum('true','false') NOT NULL,
  PRIMARY KEY (`id`)
) ENGINE=InnoDB DEFAULT CHARSET=utf8 AUTO_INCREMENT=1 ;

--
-- Дамп данных таблицы `imperavi`
--


-- --------------------------------------------------------

--
-- Структура таблицы `ip_control`
--

CREATE TABLE IF NOT EXISTS `ip_control` (
  `id` int(11) NOT NULL AUTO_INCREMENT,
  `data_id` int(11) NOT NULL,
  `ip` varchar(150) NOT NULL,
  `date_create` datetime NOT NULL,
  `type` enum('blog','commentBlog','viewBlog','portfolio','commentPortfolio','viewPortfolio') NOT NULL,
  PRIMARY KEY (`id`)
) ENGINE=InnoDB  DEFAULT CHARSET=utf8 AUTO_INCREMENT=168 ;

--
-- Дамп данных таблицы `ip_control`
--

INSERT INTO `ip_control` (`id`, `data_id`, `ip`, `date_create`, `type`) VALUES
(32, 4, '62.122.240.197', '2014-03-12 02:17:10', 'viewBlog'),
(33, 4, '62.122.240.197', '2014-03-12 02:19:18', 'blog'),
(34, 5, '213.222.241.121', '2014-03-12 17:01:26', 'viewBlog'),
(35, 5, '213.222.241.121', '2014-03-12 17:01:31', 'blog'),
(36, 6, '213.222.241.121', '2014-03-12 17:10:00', 'viewBlog'),
(37, 6, '213.222.241.121', '2014-03-12 17:10:18', 'blog'),
(38, 7, '213.222.241.121', '2014-03-12 17:44:56', 'viewBlog'),
(39, 7, '213.222.241.121', '2014-03-12 17:45:06', 'blog'),
(40, 8, '213.222.241.121', '2014-03-12 18:19:28', 'viewBlog'),
(41, 8, '213.222.241.121', '2014-03-12 18:19:59', 'blog'),
(42, 9, '213.222.241.121', '2014-03-12 18:58:10', 'viewBlog'),
(43, 9, '213.222.241.121', '2014-03-12 18:58:40', 'blog'),
(44, 10, '213.222.241.121', '2014-03-12 19:10:12', 'viewBlog'),
(45, 11, '213.222.241.121', '2014-03-12 19:13:15', 'viewBlog'),
(46, 12, '213.222.241.121', '2014-03-12 19:47:44', 'viewBlog'),
(47, 13, '213.222.241.121', '2014-03-12 19:58:38', 'viewBlog'),
(48, 13, '213.222.241.121', '2014-03-12 19:59:19', 'blog'),
(49, 8, '213.222.241.121', '2014-03-12 20:25:25', 'viewPortfolio'),
(50, 9, '213.222.241.121', '2014-03-12 20:36:34', 'viewPortfolio'),
(51, 11, '213.222.241.121', '2014-03-12 20:43:22', 'viewPortfolio'),
(52, 10, '213.222.241.121', '2014-03-12 21:27:31', 'viewPortfolio'),
(53, 12, '213.222.241.121', '2014-03-12 21:31:49', 'viewPortfolio'),
(54, 12, '213.222.241.121', '2014-03-12 21:32:03', 'portfolio'),
(55, 13, '213.222.241.121', '2014-03-12 21:34:44', 'viewPortfolio'),
(56, 14, '213.222.241.121', '2014-03-12 21:38:57', 'viewPortfolio'),
(57, 17, '213.222.241.121', '2014-03-12 21:56:06', 'viewPortfolio'),
(58, 17, '213.222.241.121', '2014-03-12 22:00:38', 'portfolio'),
(59, 18, '213.222.241.121', '2014-03-12 22:05:43', 'viewPortfolio'),
(60, 19, '213.222.241.121', '2014-03-12 22:09:40', 'viewPortfolio'),
(61, 20, '213.222.241.121', '2014-03-12 22:16:05', 'viewPortfolio'),
(62, 20, '213.222.241.121', '2014-03-12 22:16:07', 'portfolio'),
(63, 21, '213.222.241.121', '2014-03-12 22:22:51', 'viewPortfolio'),
(64, 22, '213.222.241.121', '2014-03-12 22:30:22', 'viewPortfolio'),
(65, 22, '213.222.241.121', '2014-03-12 22:30:24', 'portfolio'),
(66, 23, '213.222.241.121', '2014-03-12 22:39:00', 'viewPortfolio'),
(67, 23, '213.222.241.121', '2014-03-12 22:39:02', 'portfolio'),
(68, 24, '213.222.241.121', '2014-03-12 22:50:34', 'viewPortfolio'),
(69, 24, '213.222.241.121', '2014-03-12 22:50:39', 'portfolio'),
(70, 25, '213.222.241.121', '2014-03-12 22:53:16', 'viewPortfolio'),
(71, 25, '213.222.241.121', '2014-03-12 22:53:35', 'portfolio'),
(72, 26, '213.222.241.121', '2014-03-12 23:00:45', 'viewPortfolio'),
(73, 26, '213.222.241.121', '2014-03-12 23:00:48', 'portfolio'),
(74, 27, '213.222.241.121', '2014-03-12 23:02:51', 'viewPortfolio'),
(75, 27, '213.222.241.121', '2014-03-12 23:02:53', 'portfolio'),
(76, 27, '81.177.234.234', '2014-03-16 14:47:45', 'viewPortfolio'),
(77, 27, '81.177.234.234', '2014-03-16 14:47:58', 'portfolio'),
(78, 5, '81.177.234.234', '2014-03-16 14:48:12', 'viewBlog'),
(79, 5, '81.177.234.234', '2014-03-16 14:48:14', 'blog'),
(80, 5, '193.28.228.54', '2014-03-16 14:49:18', 'viewBlog'),
(81, 5, '193.28.228.54', '2014-03-16 14:49:27', 'blog'),
(82, 12, '81.177.234.234', '2014-03-16 19:45:42', 'viewBlog'),
(83, 4, '81.177.234.234', '2014-03-16 19:57:41', 'viewBlog'),
(84, 6, '81.177.234.234', '2014-03-16 20:04:58', 'viewBlog'),
(85, 8, '81.177.234.234', '2014-03-16 20:09:07', 'viewBlog'),
(86, 9, '81.177.234.234', '2014-03-16 20:09:12', 'viewBlog'),
(87, 8, '81.177.234.234', '2014-03-16 21:23:46', 'viewPortfolio'),
(88, 27, '81.19.188.229', '2014-03-16 21:53:03', 'viewPortfolio'),
(89, 26, '81.19.188.229', '2014-03-16 21:53:04', 'viewPortfolio'),
(90, 25, '81.19.188.229', '2014-03-16 21:53:06', 'viewPortfolio'),
(91, 24, '81.19.188.229', '2014-03-16 21:53:06', 'viewPortfolio'),
(92, 23, '81.19.188.229', '2014-03-16 21:53:08', 'viewPortfolio'),
(93, 22, '81.19.188.229', '2014-03-16 21:53:12', 'viewPortfolio'),
(94, 4, '81.19.188.229', '2014-03-16 21:53:13', 'viewBlog'),
(95, 5, '81.19.188.229', '2014-03-16 21:53:13', 'viewBlog'),
(96, 6, '81.19.188.229', '2014-03-16 21:53:14', 'viewBlog'),
(97, 7, '81.19.188.229', '2014-03-16 21:53:14', 'viewBlog'),
(98, 21, '81.19.188.229', '2014-03-16 21:53:18', 'viewPortfolio'),
(99, 20, '81.19.188.229', '2014-03-16 21:53:19', 'viewPortfolio'),
(100, 27, '81.19.188.229', '2014-03-16 21:53:19', 'portfolio'),
(101, 26, '81.19.188.229', '2014-03-16 21:53:22', 'portfolio'),
(102, 25, '81.19.188.229', '2014-03-16 21:53:24', 'portfolio'),
(103, 24, '81.19.188.229', '2014-03-16 21:53:25', 'portfolio'),
(104, 23, '81.19.188.229', '2014-03-16 21:53:29', 'portfolio'),
(105, 22, '81.19.188.229', '2014-03-16 21:53:37', 'portfolio'),
(106, 4, '81.19.188.229', '2014-03-16 21:53:39', 'blog'),
(107, 10, '81.19.188.229', '2014-03-16 21:53:40', 'commentBlog'),
(108, 11, '81.19.188.229', '2014-03-16 21:53:40', 'commentBlog'),
(109, 5, '81.19.188.229', '2014-03-16 21:53:41', 'blog'),
(110, 6, '81.19.188.229', '2014-03-16 21:53:42', 'blog'),
(111, 12, '81.19.188.229', '2014-03-16 21:53:43', 'commentBlog'),
(112, 13, '81.19.188.229', '2014-03-16 21:53:43', 'commentBlog'),
(113, 7, '81.19.188.229', '2014-03-16 21:53:44', 'blog'),
(114, 9, '81.19.188.229', '2014-03-16 21:53:47', 'viewBlog'),
(115, 11, '81.19.188.229', '2014-03-16 21:53:49', 'viewBlog'),
(116, 8, '81.19.188.229', '2014-03-16 21:53:52', 'viewBlog'),
(117, 10, '81.19.188.229', '2014-03-16 21:53:53', 'viewBlog'),
(118, 13, '81.19.188.229', '2014-03-16 21:53:54', 'viewBlog'),
(119, 12, '81.19.188.229', '2014-03-16 21:53:54', 'viewBlog'),
(120, 19, '81.19.188.229', '2014-03-16 21:53:54', 'viewPortfolio'),
(121, 18, '81.19.188.229', '2014-03-16 21:53:54', 'viewPortfolio'),
(122, 17, '81.19.188.229', '2014-03-16 21:53:55', 'viewPortfolio'),
(123, 16, '81.19.188.229', '2014-03-16 21:53:56', 'viewPortfolio'),
(124, 15, '81.19.188.229', '2014-03-16 21:53:56', 'viewPortfolio'),
(125, 14, '81.19.188.229', '2014-03-16 21:53:57', 'viewPortfolio'),
(126, 13, '81.19.188.229', '2014-03-16 21:53:57', 'viewPortfolio'),
(127, 12, '81.19.188.229', '2014-03-16 21:53:57', 'viewPortfolio'),
(128, 11, '81.19.188.229', '2014-03-16 21:53:57', 'viewPortfolio'),
(129, 10, '81.19.188.229', '2014-03-16 21:53:57', 'viewPortfolio'),
(130, 9, '81.19.188.229', '2014-03-16 21:53:57', 'viewPortfolio'),
(131, 8, '81.19.188.229', '2014-03-16 21:53:57', 'viewPortfolio'),
(132, 21, '81.19.188.229', '2014-03-16 21:53:58', 'portfolio'),
(133, 20, '81.19.188.229', '2014-03-16 21:53:59', 'portfolio'),
(134, 9, '81.19.188.229', '2014-03-16 21:54:05', 'blog'),
(135, 14, '81.19.188.229', '2014-03-16 21:54:06', 'commentBlog'),
(136, 11, '81.19.188.229', '2014-03-16 21:56:25', 'blog'),
(137, 8, '81.19.188.229', '2014-03-16 21:56:40', 'blog'),
(138, 10, '81.19.188.229', '2014-03-16 21:56:47', 'blog'),
(139, 13, '81.19.188.229', '2014-03-16 21:56:48', 'blog'),
(140, 12, '81.19.188.229', '2014-03-16 21:56:49', 'blog'),
(141, 15, '81.19.188.229', '2014-03-16 21:56:49', 'commentBlog'),
(142, 19, '81.19.188.229', '2014-03-16 21:56:50', 'portfolio'),
(143, 18, '81.19.188.229', '2014-03-16 21:56:51', 'portfolio'),
(144, 17, '81.19.188.229', '2014-03-16 21:56:52', 'portfolio'),
(145, 16, '81.19.188.229', '2014-03-16 21:56:54', 'portfolio'),
(146, 15, '81.19.188.229', '2014-03-16 21:56:54', 'portfolio'),
(147, 14, '81.19.188.229', '2014-03-16 21:56:55', 'portfolio'),
(148, 13, '81.19.188.229', '2014-03-16 21:56:55', 'portfolio'),
(149, 12, '81.19.188.229', '2014-03-16 21:56:56', 'portfolio'),
(150, 11, '81.19.188.229', '2014-03-16 21:56:56', 'portfolio'),
(151, 10, '81.19.188.229', '2014-03-16 21:56:57', 'portfolio'),
(152, 9, '81.19.188.229', '2014-03-16 21:56:57', 'portfolio'),
(153, 8, '81.19.188.229', '2014-03-16 21:56:58', 'portfolio'),
(154, 26, '128.30.52.90', '2014-03-16 22:36:41', 'viewPortfolio'),
(155, 5, '128.30.52.90', '2014-03-16 22:36:48', 'viewBlog'),
(156, 7, '128.30.52.90', '2014-03-16 22:36:51', 'viewBlog'),
(157, 4, '128.30.52.90', '2014-03-16 22:37:00', 'viewBlog'),
(158, 24, '128.30.52.90', '2014-03-16 22:37:08', 'viewPortfolio'),
(159, 22, '128.30.52.90', '2014-03-16 22:37:17', 'viewPortfolio'),
(160, 25, '128.30.52.90', '2014-03-16 22:37:20', 'viewPortfolio'),
(161, 27, '128.30.52.90', '2014-03-16 22:37:29', 'viewPortfolio'),
(162, 23, '128.30.52.90', '2014-03-16 22:37:31', 'viewPortfolio'),
(163, 6, '128.30.52.90', '2014-03-16 22:37:36', 'viewBlog'),
(164, 4, '178.154.243.107', '2014-03-16 23:16:35', 'viewBlog'),
(165, 4, '128.30.52.72', '2014-03-16 23:17:03', 'viewBlog'),
(166, 4, '128.30.52.49', '2014-03-16 23:24:00', 'viewBlog'),
(167, 27, '128.30.52.49', '2014-03-16 23:26:19', 'viewPortfolio');

-- --------------------------------------------------------

--
-- Структура таблицы `portfolio`
--

CREATE TABLE IF NOT EXISTS `portfolio` (
  `id` int(11) NOT NULL AUTO_INCREMENT,
  `header` varchar(256) NOT NULL,
  `keywords` varchar(256) NOT NULL,
  `description` varchar(400) NOT NULL,
  `alias` varchar(255) NOT NULL,
  `url` varchar(256) NOT NULL,
  `count_view` int(11) NOT NULL,
  `count_like` int(11) NOT NULL,
  `count_dislike` int(11) NOT NULL,
  `count_comment` int(11) NOT NULL,
  `text_description` text NOT NULL,
  `preview` varchar(150) NOT NULL,
  `date_create` datetime NOT NULL,
  PRIMARY KEY (`id`),
  UNIQUE KEY `alias` (`alias`)
) ENGINE=InnoDB  DEFAULT CHARSET=utf8 AUTO_INCREMENT=28 ;

--
-- Дамп данных таблицы `portfolio`
--

INSERT INTO `portfolio` (`id`, `header`, `keywords`, `description`, `alias`, `url`, `count_view`, `count_like`, `count_dislike`, `count_comment`, `text_description`, `preview`, `date_create`) VALUES
(8, 'Губернатор', 'Губернатор Гаевский, сайт губернатора', '', 'gubernator', 'http://gubernator.stavkray.ru/', 3, 1, 0, 0, '<p><span style="line-height: 1.45em;">Официальный сайт губернатора Ставропольского края.&nbsp;</span><br></p><p>Разработана CMS на основе которого можно вести администрирование всего проекта. Разработаны модули: видео блога, фотоальбома, гостевой и почтового сервиса.&nbsp;<br></p><p>Разработано в составе студии "Академии Инновации"</p>\r\n', 'a321e917367649804b3ede785facbf80.jpg', '2014-03-12 20:23:25'),
(9, 'JQuery карусель', 'JQuery карусель, верстка, frontend', 'Создание jQuery карусели на главной странице сайта.', 'academiya-i.ru', 'http://academiya-i.ru/', 2, 1, 0, 0, '<p>Создание jQuery карусели на главной странице сайта.<br></p><p>Разработано в составе студии "Академии Инновации"<br></p>', 'e37708567594f986005aa6bfbdcd56bc.png', '2014-03-12 20:34:17'),
(10, 'smai.ru', 'FCKeditor, добавление даты, frontend', 'Добавил возможность вставки даты в поля на место курсора по сочетанию клавиш, также это было встроено в редактор FCKeditor.', 'smai.ru', 'http://www.smai.ru/', 2, 1, 0, 0, '<p>Добавил возможность вставки даты в поля на место курсора по сочетанию клавиш, также это было встроено в редактор FCKeditor.<br></p>', '3b5d1b68f8fde9c9d3c515cbace1e030.png', '2014-03-12 20:40:40'),
(11, 'unikum.su', 'unikum.su', 'Внесение правок unikum.su', 'unikum.su', 'http://unikum.su/', 2, 1, 0, 0, '<p>Задание на выполнение:&nbsp;<br>- При регистрации пользователей отправлять уведомление о регистрации пользователю и указанному адресу в админке&nbsp;<br>- Все отправляемые сообщения должны быть по шаблону составленными в админке&nbsp;<br>- Добавление для резюме и вакансий разделение по отраслям&nbsp;<br>- Модернизировать поиск по сайту&nbsp;<br>- Добавить новые поля при регистрации соискателя/работодателя&nbsp;<br>- Сделать рад незначительных поправок.<br></p>', 'a4f33d7bbef1cce9b9d54496de5fe501.png', '2014-03-12 20:43:15'),
(12, 'dnevniks.ru', 'dnevniks.ru, Электронный дневник', 'Электронный дневник – предназначен для ведение online ведомостей успеваемости учеников и своевременного уведомления об оценках родителей с помощью СМС сообщений. ', 'dnevniks.ru', 'http://dnevniks.ru/', 2, 2, 0, 0, '<p>Электронный дневник – предназначен для ведение online ведомостей успеваемости учеников и своевременного уведомления об оценках родителей с помощью СМС сообщений.&nbsp;<br>Проект разработан на базе Code Igniter framework.&nbsp;<br>В проекте учтено распределение ролей.<br></p>', 'd256da052f724464d35f14455852a9c2.png', '2014-03-12 21:31:43'),
(13, 'nash-kray.ru', 'nash-kray.ru', 'nash-kray.ru', 'nash-kray.ru', 'http://nash-kray.ru/', 2, 1, 0, 0, '<p>- Добавление фотографий в фотогалерею.&nbsp;<br>- Перед публикацией все фотографии проходят модерацию в админ зоне&nbsp;<br>- Добавление разделов фотогалерее через админ зону&nbsp;<br>- В личном кабинете возможность сохранять названия для фотографий по средством Ajax<br></p>', '6c035f9b13cbda9b8bdcfcc65ed60619.png', '2014-03-12 21:34:30'),
(14, 'autoagent.ru', 'autoagent.ru', 'autoagent.ru', 'autoagent.ru', 'http://autoagent.ru/', 2, 1, 0, 0, '<p>Разработан новый модуль для&nbsp;Oxyclassifieds.&nbsp;</p><p><span style="line-height: 1.45em;">Конструктор парсер-шаблонов для доноров объявлений. Представляет из себя интерфейс для добавления регулярных выражений под определенный шаблон.</span><br></p>', '', '2014-03-12 21:38:41'),
(15, 'youcenter.ru', 'youcenter.ru', 'youcenter.ru', 'youcenter.ru', 'http://youcenter.ru/', 1, 1, 0, 0, '<p>Мини соц сеть по продаже журналов.&nbsp;<br>Разработано на Yii framework<br></p>', '', '2014-03-12 21:43:53'),
(16, 'urzakonrf.ru', 'urzakonrf.ru', 'urzakonrf.ru', 'urzakonrf.ru', 'http://urzakonrf.ru/', 1, 1, 0, 0, '<p>Соц. сеть для юристов.&nbsp;<br>Разработано на Yii framework<br></p>', '', '2014-03-12 21:44:33'),
(17, 'ptgroups.ru', 'ptgroups.ru, туристический сайт', 'ptgroups.ru Сайт туристического агенства, с возможностью бронирования заказа.', 'ptgroups.ru', 'http://ptgroups.ru/', 2, 2, 0, 0, '<p>Сайт туристического агенства, с возможностью бронирования заказа. Так же возможно быть партнером и приобретать путевки со скидкой (через договор). Расширенная система поиска и подбора программ.&nbsp;<br>Сайт с элементами CRM.&nbsp;<br>Разработана на Yii framework.<br></p>', '6ebec831de43737edcd3c061c17df294.png', '2014-03-12 21:55:56'),
(18, 'optiklass.com', 'optiklass.com', 'optiklass.com', 'optiklass.com', 'http://optiklass.com/', 2, 1, 0, 0, '<p>Разработан модуль под Simla CMS дополнительный модуль статей.</p><p>Разработка в составе студии "Панфилов и Юшко"&nbsp;<br></p>', 'bd268759bba97b509bf85d3cdd191d50.png', '2014-03-12 22:05:29'),
(19, 'karavanuslug.ru', 'karavanuslug.ru', 'karavanuslug.ru', 'karavanuslug.ru', 'http://karavanuslug.ru/', 2, 1, 0, 0, '<p>Под Flynax был разработан модуль оплаты через сервис Robokassa<br></p>', 'f2deba26ede87bcc0f919e9c22090f44.png', '2014-03-12 22:09:21'),
(20, 'seewalk.ru', 'seewalk.ru', 'seewalk.ru', 'seewalk.ru', 'http://seewalk.ru/', 2, 2, 0, 0, '<p>Сайт онлайн прогулок по достопримечательным местам Северного Кавказа. Возможность подачи заявок для съемок в других городах.</p><p>Сайт разработан на Yii framework&nbsp;<br>Разработка в составе студии "Панфилов и Юшко"<br></p>', '75d68031c4c05b1937546fb8cf1fd62f.png', '2014-03-12 22:15:48'),
(21, 'europark-uk.ru', 'europark-uk.ru', 'europark-uk.ru', 'europark-uk.ru', 'http://europark-uk.ru/', 2, 1, 0, 0, '<p>Привязка верстки и создания сниппета под ModX на странице планировки здания&nbsp;<a href="http://europark-uk.ru/arenda">http://europark-uk.ru/arenda</a><br><br>Работа в составе студии "Панфилов и Юшко"<br></p>', 'f94428f3757246323ca68d64105a93ac.png', '2014-03-12 22:21:10'),
(22, 'pro.batyanya.ru', 'pro.batyanya.ru', 'pro.batyanya.ru', 'pro.batyanya.ru', 'http://pro.batyanya.ru/', 3, 2, 0, 0, '<p>Блог сайта Батяня.&nbsp;<span style="line-height: 1.45em;">Разработан на Yii framework&nbsp;</span></p><p>В составе студии "Панфилов и Юшко"<br></p>', '02af7722d671368149cdda03f114770c.png', '2014-03-12 22:28:02'),
(23, '6озер.рф', '6озер.рф', '6озер.рф', '6ozer.rf', 'http://6озер.рф/', 3, 2, 0, 0, '<p>Промо сайт для базы отдыха.</p><p>Разработано в составе студии "Панфилов и Юшко"<br></p>', 'be699dc830e7aa45952c1930ccb29e07.png', '2014-03-12 22:38:54'),
(24, 'архыз-инвест.рф', 'архыз-инвест.рф', 'архыз-инвест.рф', 'arhiz-invest.rf', 'http://архыз-инвест.рф/', 3, 2, 0, 0, '<p>Промо сайт для инвестиционного меморандума.</p><p>Разработано в составе студии "Панфилов и Юшко"&nbsp;</p>', '996e23bcb3b88ca9ec43b2c0b9b6bce9.png', '2014-03-12 22:48:56'),
(25, 'bitrix24.ru', 'bitrix24.ru', 'bitrix24.ru', 'bitrix24.ru', 'http://bitrix24.ru/', 3, 2, 0, 0, '<p>Разработано приложения для получения недостающих возможностей, ведения учета, через сервис Bitrix24&nbsp;<br>Разработано в составе студии "Панфилов и Юшко"&nbsp;<br></p>', '0c0b50203c0d3bf45db88a98238e2295.png', '2014-03-12 22:52:42'),
(26, 'angel-concept.ru', 'angel-concept.ru', 'angel-concept.ru', 'angel-concept.ru', 'http://angel-concept.ru/', 3, 2, 0, 0, '<p>Был разработан магазин для бутика "Ангел", в последующем большая часть функционала была за комментирована на дальнейшие развитие.</p><p>Разработано в составе студии "Панфилов и Юшко"<br></p>', '05524c91bf8fee159161360ef279d433.png', '2014-03-12 22:58:43'),
(27, 't-w-f.ru', 't-w-f.ru', 't-w-f.ru', 't-w-f.ru', 'http://t-w-f.ru/', 5, 3, 0, 0, '<p>Сайт разработан на Yii framework</p><p>Разработано в составе студии "Панфилов и Юшко"<br></p>', '49f422492d2735995f051af9e39e19e3.png', '2014-03-12 23:02:44');

-- --------------------------------------------------------

--
-- Структура таблицы `prtf_code`
--

CREATE TABLE IF NOT EXISTS `prtf_code` (
  `id` int(11) NOT NULL AUTO_INCREMENT,
  `prtf_id` int(11) NOT NULL,
  `header` varchar(256) NOT NULL,
  `code_description` text NOT NULL,
  `position` int(11) NOT NULL,
  PRIMARY KEY (`id`),
  KEY `prtf_id` (`prtf_id`)
) ENGINE=InnoDB DEFAULT CHARSET=utf8 AUTO_INCREMENT=1 ;

--
-- Дамп данных таблицы `prtf_code`
--


-- --------------------------------------------------------

--
-- Структура таблицы `prtf_comments`
--

CREATE TABLE IF NOT EXISTS `prtf_comments` (
  `id` int(11) NOT NULL AUTO_INCREMENT,
  `prtf_id` int(11) NOT NULL,
  `username` varchar(256) NOT NULL,
  `date_create` datetime NOT NULL,
  `text_description` text NOT NULL,
  `rating` int(11) NOT NULL,
  `ip` varchar(100) NOT NULL,
  PRIMARY KEY (`id`),
  KEY `prtf_id` (`prtf_id`)
) ENGINE=InnoDB  DEFAULT CHARSET=utf8 AUTO_INCREMENT=2 ;

--
-- Дамп данных таблицы `prtf_comments`
--


-- --------------------------------------------------------

--
-- Структура таблицы `prtf_gallery`
--

CREATE TABLE IF NOT EXISTS `prtf_gallery` (
  `id` int(11) NOT NULL AUTO_INCREMENT,
  `prtf_id` int(11) NOT NULL,
  `image` varchar(150) NOT NULL,
  `alt` varchar(256) NOT NULL,
  `position` int(11) NOT NULL,
  PRIMARY KEY (`id`),
  KEY `prtf_id` (`prtf_id`)
) ENGINE=InnoDB  DEFAULT CHARSET=utf8 AUTO_INCREMENT=70 ;

--
-- Дамп данных таблицы `prtf_gallery`
--

INSERT INTO `prtf_gallery` (`id`, `prtf_id`, `image`, `alt`, `position`) VALUES
(7, 8, '50fb3e87ed1c05b8862dde09e6e3fe59.jpg', 'index', 1),
(8, 17, 'adc846a99953f9be7dcc45210a59ae03.png', 'Главная', 1),
(9, 17, '01536f2f6e515b1757dfe29e89a5cfa7.png', 'Страны обучения', 2),
(10, 17, 'a270d805d46c1f1336d041bbc66ea971.png', 'Подбор программы', 3),
(11, 17, 'c914eff72011ee71cef790631a0d3465.png', 'Контакты', 4),
(12, 17, 'b262f26ffa1c60d406df0e4ac4b60b66.png', 'Список заказов', 5),
(13, 17, '048ed12b9738f67dc518f38adcffea57.png', 'Информация о заказе', 6),
(14, 17, '76f7c76fe498159e40bb217696bc2f3e.png', 'Информация о заказе 2', 7),
(15, 17, '06046bb46e46532453e61f7b1382f0c2.png', 'Забронировать заявку', 8),
(16, 18, '541346e22f5c1a11c6e2ef36d5c8162b.png', 'Главная', 1),
(17, 19, 'aa2fedeb6a88e01783b9086cca3ac09e.png', 'Главная', 1),
(18, 20, '15bd4656261be4d74bc3c03b09c5928f.png', 'Главная', 1),
(19, 20, 'fc7ecb79c3831633eabe7efb6e1c5ee3.png', 'Достопримечательности', 2),
(20, 20, '7402ad831f7c80369d07aeb4f0ae5b13.png', 'Миссия проекта', 3),
(21, 20, '40c907c8a4b8d25dbc44f1f211d3900b.png', 'Просмотр объекта', 4),
(22, 20, '88673f28eaf9034d0d5882bfa1a21719.png', 'Заявка для добавления объекта', 5),
(23, 21, '235f6731552beebb9bfa63d4b3fafe6d.png', 'Здания', 1),
(25, 21, 'a26b843f004d17d59ad7afc4f92cbb83.png', 'Планировка 2', 3),
(26, 21, 'f5a932a39045308452d877bd7e37e174.png', 'Планировка 1', 3),
(27, 22, '98fe2c9da2321185891ef292b1ae1bdd.png', 'Главная', 1),
(28, 22, '5cb58b17d5b3b6c3981ee92a5dbf721c.png', '1 Уровень', 2),
(29, 22, '11b133c9aa2dc40b9d4dd32cf713f5de.png', '2 Уровень', 3),
(30, 22, 'd7dc6244c59aa91de5e69a921bd17290.png', 'Поиск по тегам', 4),
(31, 22, '99b791b4b809e4b324a5c9420902185b.png', 'Пост', 5),
(32, 22, 'f53e37c406e2aeceadd311eae754311a.png', 'Просмотр профиля', 6),
(33, 23, '2e08f0c7e4ed8576e9c7a9293e57e8fa.png', 'Главная', 1),
(34, 23, '3c68d8d9eefdbd389165c5153d992a90.png', 'vip', 2),
(35, 23, 'fe09bc8b5ef40f52213e44f27dc2dea2.png', 'Активный отдыдх', 3),
(36, 23, 'd165df577d8f53c1b642c64faf7fa8ac.png', 'Безопастность', 4),
(37, 23, '3db810af99b35aca34dccda8535468ae.png', 'Галлерея', 5),
(38, 23, 'a8796fc9f0bdedaf092e8ad64c78187d.png', 'Контакты', 6),
(39, 23, '721d2465937be29b05493a085eaa4e4d.png', 'Новости', 7),
(40, 23, 'acf280334e4a3d39bded91fbc48ea972.png', 'Отдых', 8),
(41, 23, 'cb3a3b11c07197eeb4fe5c1821a9d1bc.png', 'Отзывы', 9),
(42, 23, 'fca53953ea6744ece32d681af8c1c740.png', 'Прайс лист', 10),
(43, 23, '3c3747087da95ade417ccbd275b0b62e.png', 'Рыбалка', 11),
(44, 23, '7c8d5f21d0c2a5e7bb6a7b01d0513f0d.png', 'Семейный отдых', 12),
(45, 24, '9ea4888637f6734e28d3fb686d365fd9.png', 'Главная', 1),
(46, 24, 'fe654485dae303c147482f4e547f9e80.png', '1', 2),
(47, 24, '5ded4e72150c05bf10248527699a586a.png', 'Архыз-инвест', 3),
(48, 24, '93da3820d188f5f8629a83032ea1daf1.png', 'Архыз-инвест', 4),
(49, 24, 'ce96df56b4297fedd10adc727e946aa3.png', 'Архыз-инвест', 5),
(50, 24, '92bcde28db0f708b48812772a38e9903.png', 'Архыз-инвест', 6),
(51, 24, 'edeb583a91b186cc7a927504ca14b79e.png', 'Архыз-инвест', 7),
(52, 24, 'f8f9127e025acdb4fd5a64962bedbe0f.png', 'Архыз-инвест', 8),
(53, 24, 'e59a6d72a4827eb8427ab064bfac09af.png', 'Архыз-инвест', 9),
(54, 25, '50deabdca45784fefb0677795817c2ce.png', 'bitrix24.ru', 1),
(55, 26, 'eb67144149bdea42d41a03eb5c7ffc3a.png', 'Бутик Ангел', 1),
(57, 26, '2a866c03a784b2616d8da2f2b70cf220.png', 'Бутик Ангел', 2),
(58, 26, 'fe15f58b6849fcfdaca4c280f1d09e57.png', 'Бутик Ангел', 3),
(59, 26, 'be859fa3da32b29e6dd84a5fb6b342ea.png', 'Бутик Ангел', 4),
(60, 26, '371383c6fcb08794e5c958c0aa00571b.png', 'Бутик Ангел', 5),
(61, 27, '7512cabed79b941b671506c1cda67d2b.png', 'TWF', 1),
(62, 27, '610ebd243c23d107277a6db5667ccd07.png', 'TWF', 2),
(63, 27, '38224145dd9277faa6dc5aa86afca259.png', 'TWF', 3),
(64, 27, '8af78380500c61f537c47025bf49c690.png', 'TWF', 4),
(65, 27, '60a39caf4f6ec31c507ed73740fbdddf.png', 'TWF', 5),
(66, 27, '41b005b8a91988961e6b0b2bbcec8718.png', 'TWF', 6),
(67, 27, 'cd386a13b79a0b97f8309aa43c70c8a8.png', 'TWF', 7),
(68, 27, '7949493d5964222f05b4f19f34ed9291.png', 'TWF', 8),
(69, 27, '3b55317d07ab137f73a0398647935097.png', 'TWF', 9);

--
-- Ограничения внешнего ключа сохраненных таблиц
--

--
-- Ограничения внешнего ключа таблицы `blog_category`
--
ALTER TABLE `blog_category`
  ADD CONSTRAINT `blog_category_ibfk_1` FOREIGN KEY (`blog_id`) REFERENCES `blog` (`id`),
  ADD CONSTRAINT `blog_category_ibfk_2` FOREIGN KEY (`category_id`) REFERENCES `category` (`id`);

--
-- Ограничения внешнего ключа таблицы `blog_comments`
--
ALTER TABLE `blog_comments`
  ADD CONSTRAINT `blog_comments_ibfk_1` FOREIGN KEY (`blog_id`) REFERENCES `blog` (`id`);

--
-- Ограничения внешнего ключа таблицы `prtf_code`
--
ALTER TABLE `prtf_code`
  ADD CONSTRAINT `prtf_code_ibfk_1` FOREIGN KEY (`prtf_id`) REFERENCES `portfolio` (`id`);

--
-- Ограничения внешнего ключа таблицы `prtf_comments`
--
ALTER TABLE `prtf_comments`
  ADD CONSTRAINT `prtf_comments_ibfk_1` FOREIGN KEY (`prtf_id`) REFERENCES `portfolio` (`id`);

--
-- Ограничения внешнего ключа таблицы `prtf_gallery`
--
ALTER TABLE `prtf_gallery`
  ADD CONSTRAINT `prtf_gallery_ibfk_1` FOREIGN KEY (`prtf_id`) REFERENCES `portfolio` (`id`);
